title,picture,link_to_original_pic,description,user_posted
rhetoric,https://media.cnn.com/api/v1/images/stellar/prod/220403193043-02-doja-cat-grammy-awards-2022.jpg?c=original,random.com, 10,105
referral,https://cdn.shadesoflight.com/product_images/5c98e10c617070725d023362/super_zoom/light_walnut_white/sleek-wood-modern-tripod-floor-lamp.jpg?c=1597837107,rllyrandom.com,aaSAaBBhSbsBaBAh  ba abhbsHssHaABah AA HASbaBh aBAaAsSA hsbBSabBaBABaaBbsbb,111
need,https://growinginthegarden.com/wp-content/uploads/2021/09/10-Cool-Season-Flowers-That-Love-Mild-Winters-9.png,rllyrandom.com,HbSbA AaSBAHSHSBbHBsSSbbBbHAahSHhBa HbB,130
raw,https://cdn.cliqueinc.com/posts/307566/kylie-jenner-tom-wood-jewelry-307566-1685551223380-main.700x0c.jpg,idk.com,"  baSbSaa AAa hbSBhbhBBShbhBbAHaBAAbAA aBSHaSSsbBbhSBsbAAHsbAABBAbSBB ",114
depart,https://growinginthegarden.com/wp-content/uploads/2021/09/10-Cool-Season-Flowers-That-Love-Mild-Winters-9.png,idk.com,SsaBa SsaAhb BbSaabHBbAbB hhaaAAAAAABbAA SAaAbaShSB aaBaBsBaaabaabbA,124
mayor,https://a-z-animals.com/media/2022/11/shutterstock_1557735749-1024x614.jpg,random.com,bb HhaBAASHAbbB SHhbbaasAh hbsAhbaAbABBhbSBBBBbaAba,121
increase,https://encrypted-tbn0.gstatic.com/images?q=tbn:ANd9GcQ9XhokpGts-qKuV0DakpQQtr_T-RK4oa7Gug&usqp=CAU,rllyrandom.com,SABsSaaassaAhSBAShhA B,115
reign,https://ak1.ostkcdn.com/images/products/5077251/Tiffany-style-Victorian-Lighted-Base-Table-Lamp-c6ea26a8-7f1d-45cb-8760-d4cd23c6cc70_1000.jpg,rllyrandom.com,"h bAbbsbhH bbBaBBbBh aaSbB ",105
raw,https://media.cnn.com/api/v1/images/stellar/prod/220403193043-02-doja-cat-grammy-awards-2022.jpg?c=original,rllyrandom.com,BabhbHHsSBbHbSSA aHbsA AbSSssBBhshS BSBbBBABaBbsA BAb AhAaSBAaHs,107
spirit,https://ak1.ostkcdn.com/images/products/5077251/Tiffany-style-Victorian-Lighted-Base-Table-Lamp-c6ea26a8-7f1d-45cb-8760-d4cd23c6cc70_1000.jpg,rllyrandom.com,SSSHHBAaBHbHhbbS aHBABsA b,106
no,https://encrypted-tbn0.gstatic.com/images?q=tbn:ANd9GcQ9XhokpGts-qKuV0DakpQQtr_T-RK4oa7Gug&usqp=CAU,random.com,S ASbbsbAaaAA AShba AbShAs aBH b BbbSSBha bbB SbB BAsssB  s bAsS,120
outside,https://media.cnn.com/api/v1/images/stellar/prod/220403193043-02-doja-cat-grammy-awards-2022.jpg?c=original,rllyrandom.com,sabsaB Ab BbB HaB,106
rhetoric,https://ak1.ostkcdn.com/images/products/5077251/Tiffany-style-Victorian-Lighted-Base-Table-Lamp-c6ea26a8-7f1d-45cb-8760-d4cd23c6cc70_1000.jpg,rllyrandom.com,AA HbSHAA ASbAhbaabBs as bbbHABbbbsbBBHBsAHbSHAhsBHb,112
turn,https://www.thesafaricollection.com/wp-content/uploads/2022/07/The-Safari-Collection-Hey-You-Giraffe-Manor-1.jpg,rllyrandom.com,sshbBbhAAbbaaa BhBab,119
shed,https://mario.nintendo.com/static/d783068682f98d6cfec666c747a27793/d6e64/mario.png,rllyrandom.com,hbBbASBsbabShHaHbSsS SSb,126
plot,https://cdn.vox-cdn.com/thumbor/RT4xBWwV6VHWvs9JbtTtwL6EeDE=/1400x1400/filters:format(png)/cdn.vox-cdn.com/uploads/chorus_asset/file/22504898/walluigi.png,random.com,"hAsaA bBBAasashSaSAhB ",122
property,https://a-z-animals.com/media/2022/11/shutterstock_1557735749-1024x614.jpg,random.com,"sbbBsAbSBBSabA SsSSaAbHBBAAhABsA Ab AsBbAAAa bSABaAAbbB ",125
entertain,https://cdn.shadesoflight.com/product_images/5c98e10c617070725d023362/super_zoom/light_walnut_white/sleek-wood-modern-tripod-floor-lamp.jpg?c=1597837107,idk.com,Sa,114
raw,https://mario.nintendo.com/static/d783068682f98d6cfec666c747a27793/d6e64/mario.png,idk.com,AshaahBhSAAsbAAbAbhahbbbBAAaabhaSsHA,120
clearance,https://growinginthegarden.com/wp-content/uploads/2021/09/10-Cool-Season-Flowers-That-Love-Mild-Winters-9.png,rllyrandom.com,sbbaAHa,120
spirit,https://images.unsplash.com/photo-1615751072497-5f5169febe17?ixlib=rb-4.0.3&ixid=M3wxMjA3fDB8MHxzZWFyY2h8M3x8Y3V0ZSUyMGRvZ3xlbnwwfHwwfHx8MA%3D%3D&w=1000&q=80,random.com,AbHHAShbbBhhB BShHhaBsBSSbHa HHBbssBHBsBBaBSaBH aSaSHAaaBsABbBBAbSHAHB,125
graduate,https://www.thesafaricollection.com/wp-content/uploads/2022/07/The-Safari-Collection-Hey-You-Giraffe-Manor-1.jpg,random.com,AhHAbaabBHAAsaAa AbaHABBSbbAhBBB hh A BAbS,128
create,https://images.unsplash.com/photo-1615751072497-5f5169febe17?ixlib=rb-4.0.3&ixid=M3wxMjA3fDB8MHxzZWFyY2h8M3x8Y3V0ZSUyMGRvZ3xlbnwwfHwwfHx8MA%3D%3D&w=1000&q=80,random.com,AssahaHBSabsABhaHaBHH SAAsssb sAbsAsBAbSBbABbABabaB AHBb aAaaa,109
romantic,https://growinginthegarden.com/wp-content/uploads/2021/09/10-Cool-Season-Flowers-That-Love-Mild-Winters-9.png,random.com,HaBBSBh,118
team,https://media.cnn.com/api/v1/images/stellar/prod/220403193043-02-doja-cat-grammy-awards-2022.jpg?c=original,idk.com,AA bAAAHshbBSSAAAaA sBBbbBb Ba hAaBHasaASbAHH  HsbAbBBB,110
retire,https://ak1.ostkcdn.com/images/products/5077251/Tiffany-style-Victorian-Lighted-Base-Table-Lamp-c6ea26a8-7f1d-45cb-8760-d4cd23c6cc70_1000.jpg,random.com,sBbASaSSsSbhBaaB bBsABB shAsSbHSAAasbBABHaAbaha ahAAShaBahAbBBAsbaAhha,116
heat,https://cdn.shadesoflight.com/product_images/5c98e10c617070725d023362/super_zoom/light_walnut_white/sleek-wood-modern-tripod-floor-lamp.jpg?c=1597837107,random.com,bbAHa SbsBBsasaA hAAaaa,117
exploit,https://encrypted-tbn0.gstatic.com/images?q=tbn:ANd9GcQ9XhokpGts-qKuV0DakpQQtr_T-RK4oa7Gug&usqp=CAU,idk.com,BhA BAB A aAa,119
raw,https://www.thesafaricollection.com/wp-content/uploads/2022/07/The-Safari-Collection-Hey-You-Giraffe-Manor-1.jpg,random.com,a ah Bb SA BhbBaAsaBB aaBaBhB HA  aBBBahashAAShaaBB aSbbhhABBBbbbBHhAAbaAH,107
enthusiasm,https://media.cnn.com/api/v1/images/stellar/prod/220403193043-02-doja-cat-grammy-awards-2022.jpg?c=original,idk.com,aAHAshhBAShAHAaSAH BbbhSAa SaBAAa bBAhbaABsBHS aB bSs,108
carpet,https://growinginthegarden.com/wp-content/uploads/2021/09/10-Cool-Season-Flowers-That-Love-Mild-Winters-9.png,idk.com,AAbAhBAb,111
tactic,https://media.cnn.com/api/v1/images/stellar/prod/220403193043-02-doja-cat-grammy-awards-2022.jpg?c=original,random.com,BAAHssbbABBSAaBHhHbaBSabaHabAbBhhbAa aBsahbhAsHAA,100
queen,https://growinginthegarden.com/wp-content/uploads/2021/09/10-Cool-Season-Flowers-That-Love-Mild-Winters-9.png,rllyrandom.com,aAHahahbhABBAaAHbB  ahBA  aHbABBBBhbA  asH H SaBAABAhBb,109
margin,https://encrypted-tbn0.gstatic.com/images?q=tbn:ANd9GcQ9XhokpGts-qKuV0DakpQQtr_T-RK4oa7Gug&usqp=CAU,idk.com,AaBAHshsBbAbAhSAbsAbbBhSHhAhshhhhbasA abaASBS SABsshaBBa HaaB,112
muggy,https://encrypted-tbn0.gstatic.com/images?q=tbn:ANd9GcQ9XhokpGts-qKuV0DakpQQtr_T-RK4oa7Gug&usqp=CAU,rllyrandom.com,"BhsaaBSab BBb h HbaAAshaABbBAABS ",123
treatment,https://cdn.cliqueinc.com/posts/307566/kylie-jenner-tom-wood-jewelry-307566-1685551223380-main.700x0c.jpg,idk.com,bsShB abh aaSSh bB aSAAahBaHSA A ShBshhhHHAHHAh aBBhabAaAS,130
disability,https://mario.nintendo.com/static/d783068682f98d6cfec666c747a27793/d6e64/mario.png,rllyrandom.com,sSBAbAAASBSBAABHaHashaaaSsABsabahHaBA bS SA AbaABAAaAhAHAasbab HsbS A hh,117
recover,https://ak1.ostkcdn.com/images/products/5077251/Tiffany-style-Victorian-Lighted-Base-Table-Lamp-c6ea26a8-7f1d-45cb-8760-d4cd23c6cc70_1000.jpg,idk.com,b sAaSAHAsaAA BBab SBsbBH AaHHAhsSHaAHBaAa a abA BAbbH BBbab  aH aaHsaH abBbH,109
process,https://a-z-animals.com/media/2022/11/shutterstock_1557735749-1024x614.jpg,idk.com," BabaAABhaSBHAASSBAHBbASsA  bBSBba BBHabShsS s abaAHbh",103
round,https://cdn.cliqueinc.com/posts/307566/kylie-jenner-tom-wood-jewelry-307566-1685551223380-main.700x0c.jpg,idk.com,"aA BbAAAbHsS aaHhSbsSbhaAASASaB BbBsBABBBBbaAhAasA BaBBaAsaAaBB ",101
harm,https://encrypted-tbn0.gstatic.com/images?q=tbn:ANd9GcQ9XhokpGts-qKuV0DakpQQtr_T-RK4oa7Gug&usqp=CAU,idk.com,BHHHsaBbHah aBAABBSAhs,129
ballet,https://mario.nintendo.com/static/d783068682f98d6cfec666c747a27793/d6e64/mario.png,idk.com,ASbbBsaaBAbaHH HBAHBBAaahHBHSaBSaa,114
writer,https://cdn.vox-cdn.com/thumbor/RT4xBWwV6VHWvs9JbtTtwL6EeDE=/1400x1400/filters:format(png)/cdn.vox-cdn.com/uploads/chorus_asset/file/22504898/walluigi.png,rllyrandom.com,bBSah Sa ASbbAahSbBAABBAAabsSAAHAAhbsbab Abhsb,123
hostile,https://cdn.cliqueinc.com/posts/307566/kylie-jenner-tom-wood-jewelry-307566-1685551223380-main.700x0c.jpg,rllyrandom.com,aAHAB,124
ambiguity,https://cdn.shadesoflight.com/product_images/5c98e10c617070725d023362/super_zoom/light_walnut_white/sleek-wood-modern-tripod-floor-lamp.jpg?c=1597837107,rllyrandom.com,SBbBbAAAbSBaBhBaaaBBhBHaHhH,118
property,https://ak1.ostkcdn.com/images/products/5077251/Tiffany-style-Victorian-Lighted-Base-Table-Lamp-c6ea26a8-7f1d-45cb-8760-d4cd23c6cc70_1000.jpg,random.com,"ahSBsaHHAsbaaBaAAaBsaHbbhhabBSbAA bSHbssaAABbAAaAbAaAAbHHBHBha BAbbasa ",116
flag,https://media.cnn.com/api/v1/images/stellar/prod/220403193043-02-doja-cat-grammy-awards-2022.jpg?c=original,random.com,absaAS BbBaabBaBbAAs,110
thanks,https://ak1.ostkcdn.com/images/products/5077251/Tiffany-style-Victorian-Lighted-Base-Table-Lamp-c6ea26a8-7f1d-45cb-8760-d4cd23c6cc70_1000.jpg,random.com,bAb aBahHABAbSsSSHBBBaa A  bbssaB bbbaa BhhBSHhb,104
provide,https://a-z-animals.com/media/2022/11/shutterstock_1557735749-1024x614.jpg,random.com,BaBaB ASBHHbhbbASAaA,109
no,https://growinginthegarden.com/wp-content/uploads/2021/09/10-Cool-Season-Flowers-That-Love-Mild-Winters-9.png,idk.com,"AAbhsSshbbhABabAAHBh aBabsHbBbsabHaBaBaa hAbbbbsBbB Sba Sh aaHShBSshh ahHaSAa  ",110
retire,https://media.cnn.com/api/v1/images/stellar/prod/220403193043-02-doja-cat-grammy-awards-2022.jpg?c=original,rllyrandom.com,SAbbbAABhaasbAbhBaAhbhbBBBsababBb Aha b,117
reconcile,https://growinginthegarden.com/wp-content/uploads/2021/09/10-Cool-Season-Flowers-That-Love-Mild-Winters-9.png,random.com,"bBHsb ",100
fraud,https://growinginthegarden.com/wp-content/uploads/2021/09/10-Cool-Season-Flowers-That-Love-Mild-Winters-9.png,rllyrandom.com,SbbsaHA AhaAHBaAbsaAbAbAsABHBaBAABb ssAbsBAaBsSabhabSasHHhBBaA,100
example,https://media.cnn.com/api/v1/images/stellar/prod/220403193043-02-doja-cat-grammy-awards-2022.jpg?c=original,idk.com," aAb aasHAAAhBhHBhbsabbhSH bASb",107
mirror,https://a-z-animals.com/media/2022/11/shutterstock_1557735749-1024x614.jpg,random.com,As AbhSbBBA bsbSBAbAhAAASa bhBBabS,107
punch,https://images.unsplash.com/photo-1615751072497-5f5169febe17?ixlib=rb-4.0.3&ixid=M3wxMjA3fDB8MHxzZWFyY2h8M3x8Y3V0ZSUyMGRvZ3xlbnwwfHwwfHx8MA%3D%3D&w=1000&q=80,rllyrandom.com,HBSA aaaBaaaHHHhsSabhAhSAbAHabsBaBBsAa,102
lay,https://images.unsplash.com/photo-1615751072497-5f5169febe17?ixlib=rb-4.0.3&ixid=M3wxMjA3fDB8MHxzZWFyY2h8M3x8Y3V0ZSUyMGRvZ3xlbnwwfHwwfHx8MA%3D%3D&w=1000&q=80,idk.com,sHBAAbBSBb saASbBAbBhBsHbHBAbsBhBaSBaBhBShbaAAAabHbShSb aBAAbAAB,106
remain,https://www.thesafaricollection.com/wp-content/uploads/2022/07/The-Safari-Collection-Hey-You-Giraffe-Manor-1.jpg,idk.com,sasABa BbAabhBbbhHHHbsHhaBHASSA hAH SaBBSBa,102
brother,https://a-z-animals.com/media/2022/11/shutterstock_1557735749-1024x614.jpg,idk.com,hSAHBbBAbA BBaSa SBbbHaBSa BAabHBHssbS AbAhBbH,101
vision,https://encrypted-tbn0.gstatic.com/images?q=tbn:ANd9GcQ9XhokpGts-qKuV0DakpQQtr_T-RK4oa7Gug&usqp=CAU,idk.com,ASS bBAABs HaAb Bsahs aBhBAhsaBHabSabABhSHBhabAh  SSsB,106
brother,https://ak1.ostkcdn.com/images/products/5077251/Tiffany-style-Victorian-Lighted-Base-Table-Lamp-c6ea26a8-7f1d-45cb-8760-d4cd23c6cc70_1000.jpg,idk.com," habSAbaab Habss BAahHHsBSHAbAaBaBaBASbBaAAbbHabbbBhaba ",106
hostile,https://cdn.shadesoflight.com/product_images/5c98e10c617070725d023362/super_zoom/light_walnut_white/sleek-wood-modern-tripod-floor-lamp.jpg?c=1597837107,idk.com,SaSbhBbASAaSaaBBa sABb,100
63,fairy,https://encrypted-tbn0.gstatic.com/images?q=tbn:ANd9GcQ9XhokpGts-qKuV0DakpQQtr_T-RK4oa7Gug&usqp=CAU,random.com, 127,127
weight,https://mario.nintendo.com/static/d783068682f98d6cfec666c747a27793/d6e64/mario.png,random.com,BhsbSAaBAbHbHSAhHbBHBB  bBbhBAAbAbAaBHA,129
corner,https://a-z-animals.com/media/2022/11/shutterstock_1557735749-1024x614.jpg,random.com,bBbaBhbaBbbB  BSaBSbHhhAAA bSA aHsbHS aBBbH s aaaHHb,118
writer,https://cdn.vox-cdn.com/thumbor/RT4xBWwV6VHWvs9JbtTtwL6EeDE=/1400x1400/filters:format(png)/cdn.vox-cdn.com/uploads/chorus_asset/file/22504898/walluigi.png,rllyrandom.com," SsbAS sA ABAbabA ahabA aAhh Ashb  S AAsAabaSabaBBABBAASa",123
ton,https://cdn.shadesoflight.com/product_images/5c98e10c617070725d023362/super_zoom/light_walnut_white/sleek-wood-modern-tripod-floor-lamp.jpg?c=1597837107,idk.com,bsHBBHAs AHAB Aah AaabbSAhSBBAa sHs,101
vision,https://www.thesafaricollection.com/wp-content/uploads/2022/07/The-Safari-Collection-Hey-You-Giraffe-Manor-1.jpg,rllyrandom.com,aA,118
response,https://a-z-animals.com/media/2022/11/shutterstock_1557735749-1024x614.jpg,random.com,AAaS sAAA H  S,122
lazy,https://encrypted-tbn0.gstatic.com/images?q=tbn:ANd9GcQ9XhokpGts-qKuV0DakpQQtr_T-RK4oa7Gug&usqp=CAU,rllyrandom.com," S A hsSBAaasSHHaBaaHsaH hAAAsbsbaAsbbAhASsshB",121
outside,https://cdn.vox-cdn.com/thumbor/RT4xBWwV6VHWvs9JbtTtwL6EeDE=/1400x1400/filters:format(png)/cdn.vox-cdn.com/uploads/chorus_asset/file/22504898/walluigi.png,random.com,bbaBA hSSBSBaabAaBHsaAbSahHBbbBhHbSAhaSAbaSAA,121
full,https://cdn.shadesoflight.com/product_images/5c98e10c617070725d023362/super_zoom/light_walnut_white/sleek-wood-modern-tripod-floor-lamp.jpg?c=1597837107,rllyrandom.com,HASbAAbbbHas hAshHH HSAA,115
prison,https://a-z-animals.com/media/2022/11/shutterstock_1557735749-1024x614.jpg,rllyrandom.com,sA,122
tenant,https://growinginthegarden.com/wp-content/uploads/2021/09/10-Cool-Season-Flowers-That-Love-Mild-Winters-9.png,idk.com," AHAASabbabABbAAbAa",108
permission,https://cdn.vox-cdn.com/thumbor/RT4xBWwV6VHWvs9JbtTtwL6EeDE=/1400x1400/filters:format(png)/cdn.vox-cdn.com/uploads/chorus_asset/file/22504898/walluigi.png,rllyrandom.com,bSBb aaBBBSaSb BBa,126
district,https://images.unsplash.com/photo-1615751072497-5f5169febe17?ixlib=rb-4.0.3&ixid=M3wxMjA3fDB8MHxzZWFyY2h8M3x8Y3V0ZSUyMGRvZ3xlbnwwfHwwfHx8MA%3D%3D&w=1000&q=80,idk.com,abABHbhBh,116
mayor,https://images.unsplash.com/photo-1615751072497-5f5169febe17?ixlib=rb-4.0.3&ixid=M3wxMjA3fDB8MHxzZWFyY2h8M3x8Y3V0ZSUyMGRvZ3xlbnwwfHwwfHx8MA%3D%3D&w=1000&q=80,rllyrandom.com,babBbBHaBhSB abs bbBaBsaH SASbA BAbbAs aAbHS ssBBbhhbaahAHSSaaBhbHBsbAB,101
bold,https://growinginthegarden.com/wp-content/uploads/2021/09/10-Cool-Season-Flowers-That-Love-Mild-Winters-9.png,rllyrandom.com,A hbSbAhHAsAAASABabAhbbBbbaaaaBBB  SbAsAABhBHhH abAH,103
graduate,https://a-z-animals.com/media/2022/11/shutterstock_1557735749-1024x614.jpg,rllyrandom.com,ASBsAa ABbhAaAAa BAsBShaB aHb,119
lay,https://growinginthegarden.com/wp-content/uploads/2021/09/10-Cool-Season-Flowers-That-Love-Mild-Winters-9.png,idk.com,bSbBHbbhbbBSBaHBa BhS aHS BA ssBAbHhs,111
formula,https://cdn.vox-cdn.com/thumbor/RT4xBWwV6VHWvs9JbtTtwL6EeDE=/1400x1400/filters:format(png)/cdn.vox-cdn.com/uploads/chorus_asset/file/22504898/walluigi.png,random.com,aAbAbb,118
scheme,https://www.thesafaricollection.com/wp-content/uploads/2022/07/The-Safari-Collection-Hey-You-Giraffe-Manor-1.jpg,random.com,baBSBBsSSab saababhbb abBb haSaBbBA B  HBBBAbBBABB,126
practical,https://images.unsplash.com/photo-1615751072497-5f5169febe17?ixlib=rb-4.0.3&ixid=M3wxMjA3fDB8MHxzZWFyY2h8M3x8Y3V0ZSUyMGRvZ3xlbnwwfHwwfHx8MA%3D%3D&w=1000&q=80,idk.com,"HBbHAbBbabshaasbA bBhAA ",119
clerk,https://www.thesafaricollection.com/wp-content/uploads/2022/07/The-Safari-Collection-Hey-You-Giraffe-Manor-1.jpg,idk.com,babbBaHbHBaSBasbAASaabbAABbBAaB BA SBHaB,116
mathematics,https://cdn.cliqueinc.com/posts/307566/kylie-jenner-tom-wood-jewelry-307566-1685551223380-main.700x0c.jpg,rllyrandom.com,b abBAhhahssB,112
formula,https://media.cnn.com/api/v1/images/stellar/prod/220403193043-02-doja-cat-grammy-awards-2022.jpg?c=original,random.com,bSHBBHaSBHAAb,113
give,https://cdn.cliqueinc.com/posts/307566/kylie-jenner-tom-wood-jewelry-307566-1685551223380-main.700x0c.jpg,rllyrandom.com,SasbbbBsbSBBsAhaSAa bAABBBBSaB hBHhABHABhB aB BSAASbABsHAAHaaABAAaS,103
index,https://growinginthegarden.com/wp-content/uploads/2021/09/10-Cool-Season-Flowers-That-Love-Mild-Winters-9.png,rllyrandom.com," baBsashahAbbHHH",117
demonstrator,https://ak1.ostkcdn.com/images/products/5077251/Tiffany-style-Victorian-Lighted-Base-Table-Lamp-c6ea26a8-7f1d-45cb-8760-d4cd23c6cc70_1000.jpg,idk.com,A HHbbBaa,130
example,https://a-z-animals.com/media/2022/11/shutterstock_1557735749-1024x614.jpg,idk.com,BbAS HSAbBab,128
romantic,https://www.thesafaricollection.com/wp-content/uploads/2022/07/The-Safari-Collection-Hey-You-Giraffe-Manor-1.jpg,random.com,BaBSbABhSBb hAsBBAAAaBsbBhBhh bH Bbhsh SAHABBaBSHBa SBa Bh SHhSaHbb ahAAB,112
multiply,https://growinginthegarden.com/wp-content/uploads/2021/09/10-Cool-Season-Flowers-That-Love-Mild-Winters-9.png,idk.com,SBsHSAbHBhAs aabBaHBs   BbBSBSa,123
proportion,https://cdn.vox-cdn.com/thumbor/RT4xBWwV6VHWvs9JbtTtwL6EeDE=/1400x1400/filters:format(png)/cdn.vox-cdn.com/uploads/chorus_asset/file/22504898/walluigi.png,random.com,SbHhaAs aSsA,124
bounce,https://ak1.ostkcdn.com/images/products/5077251/Tiffany-style-Victorian-Lighted-Base-Table-Lamp-c6ea26a8-7f1d-45cb-8760-d4cd23c6cc70_1000.jpg,random.com,sbBH aB BHSAaa  HHhahBaaa HShBBBAABSHaBa,129
thesis,https://media.cnn.com/api/v1/images/stellar/prod/220403193043-02-doja-cat-grammy-awards-2022.jpg?c=original,rllyrandom.com,AHSaAABSSAahBB BaaBbAbaSbBHbSHbA ABaaBAASh  haAbShAAAbBsabSAaBhABHBhBAb,109
vision,https://images.unsplash.com/photo-1615751072497-5f5169febe17?ixlib=rb-4.0.3&ixid=M3wxMjA3fDB8MHxzZWFyY2h8M3x8Y3V0ZSUyMGRvZ3xlbnwwfHwwfHx8MA%3D%3D&w=1000&q=80,idk.com,hhsHba hHBaBAaBAAbsAbBHbsABbsbasA SbaA bHhbBsHbhsHABabaB HSBbhSHBBHaSAHaH,108
example,https://encrypted-tbn0.gstatic.com/images?q=tbn:ANd9GcQ9XhokpGts-qKuV0DakpQQtr_T-RK4oa7Gug&usqp=CAU,idk.com,BbhB bbbbbaaAbbabSHb,120
scheme,https://ak1.ostkcdn.com/images/products/5077251/Tiffany-style-Victorian-Lighted-Base-Table-Lamp-c6ea26a8-7f1d-45cb-8760-d4cd23c6cc70_1000.jpg,rllyrandom.com,a AAbSb,112
romantic,https://images.unsplash.com/photo-1615751072497-5f5169febe17?ixlib=rb-4.0.3&ixid=M3wxMjA3fDB8MHxzZWFyY2h8M3x8Y3V0ZSUyMGRvZ3xlbnwwfHwwfHx8MA%3D%3D&w=1000&q=80,rllyrandom.com,"hBbhSBsAa BHHABaaabsSAAHAahhAbSSab AS a sBbAHSBSaS bBsBbaBb ",116
ton,https://cdn.shadesoflight.com/product_images/5c98e10c617070725d023362/super_zoom/light_walnut_white/sleek-wood-modern-tripod-floor-lamp.jpg?c=1597837107,idk.com," BAhBabsH aSsAbaS",123